**** All Elevator Calls (time,src,dest,state,elev dt) stage 4 ****
Elevator call,4.993816266014164,-1,12,3,2, Done, dt, 28.006183733985836
Elevator call,18.77917039169597,-2,-1,3,1, Done, dt, 22.22082960830403
Elevator call,19.387078657155826,0,17,3,2, Done, dt, 358.6129213428442
Elevator call,27.9999732565052,0,9,3,2, Done, dt, 37.0000267434948
Elevator call,38.28582116015673,0,2,3,2, Done, dt, 153.71417883984327
Elevator call,39.19202923931175,0,20,3,2, Done, dt, 132.80797076068825
Elevator call,39.69710409736126,0,12,3,2, Done, dt, 82.30289590263874
Elevator call,57.40531969890162,0,1,3,2, Done, dt, 34.59468030109838
Elevator call,63.05259875982824,-1,0,3,1, Done, dt, 11.947401240171757
Elevator call,79.37736411739434,0,14,3,2, Done, dt, 30.622635882605664
Elevator call,92.15048695301039,-2,5,3,1, Done, dt, 27.849513046989614
Elevator call,96.61997031673536,-1,8,3,1, Done, dt, 54.38002968326464
Elevator call,111.62708145083661,0,-2,3,2, Done, dt, 38.37291854916339
Elevator call,140.52095248879914,-1,7,3,1, Done, dt, 159.47904751120086
Elevator call,142.07808960138755,-2,0,3,0, Done, dt, 23.921910398612454
Elevator call,147.44392615224183,-1,6,3,1, Done, dt, 35.55607384775817
Elevator call,170.15712188664338,-1,11,3,1, Done, dt, 46.84287811335662
Elevator call,177.9146689591314,0,3,3,2, Done, dt, 182.0853310408686
Elevator call,179.41211574761928,0,13,3,2, Done, dt, 41.58788425238072
Elevator call,188.69360223337299,-1,-2,3,1, Done, dt, 48.306397766627015
Elevator call,197.44243298068636,-2,15,3,3, Done, dt, 38.55756701931364
Elevator call,209.35081553255895,4,0,3,0, Done, dt, 28.649184467441046
Elevator call,209.97850155767696,0,11,3,2, Done, dt, 108.02149844232304
Elevator call,210.90630526255882,4,0,3,0, Done, dt, 27.093694737441183
Elevator call,211.32931870336074,0,18,3,2, Done, dt, 46.67068129663926
Elevator call,218.07434462591186,18,19,3,3, Done, dt, 96.92565537408814
Elevator call,220.76873550670848,16,0,3,3, Done, dt, 54.23126449329152
Elevator call,224.31198381778677,-1,-2,3,1, Done, dt, 35.68801618221323
Elevator call,249.47153929844012,-1,0,3,1, Done, dt, 33.52846070155988
Elevator call,255.11453151297678,-1,0,3,1, Done, dt, 27.885468487023218
Elevator call,257.29849213037915,0,-2,3,2, Done, dt, 31.701507869620855
Elevator call,260.38349181826743,-2,12,3,0, Done, dt, 36.61650818173257
Elevator call,266.894697015759,6,-1,3,0, Done, dt, 66.105302984241
Elevator call,270.3465008526289,0,-1,3,2, Done, dt, 30.65349914737112
Elevator call,272.4308393782785,-2,6,3,0, Done, dt, 41.569160621721494
Elevator call,303.5884504315734,0,5,3,2, Done, dt, 44.41154956842661
Elevator call,310.43660083151826,10,-1,3,1, Done, dt, 30.563399168481737
Elevator call,318.63880157220933,-1,6,3,1, Done, dt, 267.36119842779067
Elevator call,334.8964002994919,-1,17,3,1, Done, dt, 29.103599700508084
Elevator call,338.34551095760867,-2,9,3,0, Done, dt, 32.65448904239133
Elevator call,361.645498123866,-1,11,3,1, Done, dt, 43.35450187613401
Elevator call,381.31971563530055,-2,18,3,0, Done, dt, 51.680284364699446
Elevator call,388.51503029731634,0,16,3,0, Done, dt, 1455.4849697026837
Elevator call,394.25877451521023,0,-1,3,0, Done, dt, 633.7412254847898
Elevator call,396.01053237831434,-1,7,3,1, Done, dt, 177.98946762168566
Elevator call,396.1162807679582,0,8,3,0, Done, dt, 777.8837192320418
Elevator call,397.828560875153,9,18,3,2, Done, dt, 29.171439124846984
Elevator call,400.2358983059046,-1,3,3,1, Done, dt, 115.76410169409542
Elevator call,403.08087087207764,-1,20,3,1, Done, dt, 44.91912912792236
Elevator call,420.90267429546566,0,19,3,0, Done, dt, 70.09732570453434
Elevator call,424.97730311249506,4,0,3,3, Done, dt, 39.022696887504935
Elevator call,431.638137321645,-1,17,3,1, Done, dt, 63.36186267835501
Elevator call,442.48024316783403,10,18,3,2, Done, dt, 28.519756832165967
Elevator call,448.37219431241874,-2,17,3,3, Done, dt, 58.62780568758126
Elevator call,458.57493472839155,0,9,3,0, Done, dt, 53.425065271608446
Elevator call,467.1243025576689,-2,20,3,3, Done, dt, 53.8756974423311
Elevator call,471.18462320429603,-2,11,3,2, Done, dt, 37.81537679570397
Elevator call,507.896243493429,0,19,3,0, Done, dt, 53.10375650657102
Elevator call,508.3883648726937,-1,20,3,1, Done, dt, 45.61163512730627
Elevator call,524.1069739806394,1,15,3,2, Done, dt, 32.893026019360605
Elevator call,530.1742255496574,0,4,3,0, Done, dt, 1542.8257744503426
Elevator call,556.8993874391524,0,7,3,0, Done, dt, 51.100612560847594
Elevator call,557.5557041789998,0,4,3,2, Done, dt, 30.444295821000196
Elevator call,562.5015578609957,0,20,3,0, Done, dt, 131.49844213900428
Elevator call,573.8367444751809,0,-2,3,0, Done, dt, 693.1632555248191
Elevator call,579.4289603377472,0,-2,3,0, Done, dt, 687.5710396622528
Elevator call,582.4748234204005,0,2,3,0, Done, dt, 574.5251765795995
Elevator call,587.5065401456161,0,15,3,0, Done, dt, 39.4934598543839
Elevator call,590.6208993932232,-1,2,3,2, Done, dt, 25.379100606776774
Elevator call,593.1685913886549,-2,18,3,1, Done, dt, 41.83140861134507
Elevator call,620.2579900542485,2,13,3,1, Done, dt, 83.74200994575153
Elevator call,623.6992665911678,0,10,3,0, Done, dt, 49.30073340883223
Elevator call,627.5033706858799,-2,0,3,1, Done, dt, 44.49662931412013
Elevator call,635.7897844410584,0,6,3,0, Done, dt, 83.21021555894163
Elevator call,648.3122718675629,0,20,3,0, Done, dt, 45.68772813243709
Elevator call,688.1143086691975,13,6,3,2, Done, dt, 30.8856913308025
Elevator call,689.1432791543316,-2,11,3,2, Done, dt, 86.8567208456684
Elevator call,695.0796471237577,7,0,3,2, Done, dt, 49.920352876242305
Elevator call,695.4237523147347,2,-1,3,1, Done, dt, 39.57624768526534
Elevator call,703.881682733766,0,17,3,0, Done, dt, 2147.118317266234
Elevator call,708.981552127932,0,12,3,0, Done, dt, 49.01844787206801
Elevator call,717.7965298809615,-2,12,3,3, Done, dt, 56.20347011903846
Elevator call,728.499323661546,0,11,3,0, Done, dt, 276.500676338454
Elevator call,741.8722441091284,0,6,3,0, Done, dt, 55.12775589087164
Elevator call,744.975962002575,17,0,3,3, Done, dt, 191.024037997425
Elevator call,749.8657280601287,-2,0,3,2, Done, dt, 43.13427193987127
Elevator call,758.4490750208467,0,-1,3,0, Done, dt, 269.55092497915325
Elevator call,765.1796993620308,-1,8,3,3, Done, dt, 51.82030063796924
Elevator call,768.9310981605672,2,8,3,1, Done, dt, 26.068901839432783
Elevator call,777.0797168382923,0,12,3,0, Done, dt, 942.9202831617077
Elevator call,781.7375130869042,0,2,3,0, Done, dt, 375.2624869130958
Elevator call,789.2940003734968,0,19,3,0, Done, dt, 53.70599962650317
Elevator call,790.84999807964,-1,11,3,3, Done, dt, 40.150001920359955
Elevator call,793.7757239212833,-2,-1,3,1, Done, dt, 208.22427607871668
Elevator call,819.0973959909869,7,8,3,1, Done, dt, 22.90260400901309
Elevator call,822.1388045776276,-1,3,3,3, Done, dt, 45.86119542237236
Elevator call,827.0483922867262,7,0,3,1, Done, dt, 31.951607713273802
Elevator call,833.2953788491847,18,0,3,2, Done, dt, 38.70462115081534
Elevator call,836.3100863645074,0,20,3,0, Done, dt, 66.68991363549264
Elevator call,840.9085198183803,3,5,3,3, Done, dt, 40.09148018161966
Elevator call,854.1199582715301,-2,16,3,2, Done, dt, 75.8800417284699
Elevator call,858.5727486699326,4,0,3,2, Done, dt, 38.427251330067406
Elevator call,863.6615831859367,-2,-3,3,1, Done, dt, 23.338416814063294
Elevator call,865.092482993349,0,6,3,0, Done, dt, 62.907517006651005
Elevator call,891.7829186868805,-2,2,3,1, Done, dt, 24.21708131311948
Elevator call,905.7125010362058,0,9,3,0, Done, dt, 58.28749896379418
Elevator call,917.921440920651,20,-1,3,2, Done, dt, 88.07855907934902
Elevator call,920.9559777501229,-2,-1,3,2, Done, dt, 40.044022249877116
Elevator call,948.3431624386573,0,-2,3,0, Done, dt, 318.65683756134274
Elevator call,949.8446878410363,0,11,3,0, Done, dt, 55.15531215896374
Elevator call,975.3682526243218,5,-1,3,1, Done, dt, 26.631747375678174
Elevator call,977.7982491609354,0,-1,3,0, Done, dt, 50.20175083906463
Elevator call,986.5198212785085,-2,2,3,2, Done, dt, 121.48017872149148
Elevator call,998.2390349216074,16,0,3,2, Done, dt, 45.76096507839259
Elevator call,1006.7890618724637,0,13,3,0, Done, dt, 56.21093812753634
Elevator call,1009.2854376425349,15,0,3,2, Done, dt, 71.71456235746507
Elevator call,1021.3167674412655,-1,18,3,1, Done, dt, 23.683232558734517
Elevator call,1026.1747664955665,-1,16,3,1, Done, dt, 64.82523350443353
Elevator call,1043.9427861328584,0,13,3,0, Done, dt, 617.0572138671416
Elevator call,1046.279460172499,0,-2,3,0, Done, dt, 220.72053982750094
Elevator call,1049.6119921371421,-1,15,3,1, Done, dt, 311.3880078628579
Elevator call,1050.1478225185908,-2,5,3,3, Done, dt, 29.85217748140917
Elevator call,1054.9200570972548,0,10,3,0, Done, dt, 271.0799429027452
Elevator call,1058.3425382177916,-1,7,3,1, Done, dt, 109.65746178220843
Elevator call,1061.3497891856125,0,7,3,0, Done, dt, 42.65021081438749
Elevator call,1065.2913198413887,0,8,3,0, Done, dt, 108.70868015861129
Elevator call,1068.1600143289822,-1,2,3,1, Done, dt, 84.83998567101776
Elevator call,1072.0940435257985,-1,3,3,1, Done, dt, 68.9059564742015
Elevator call,1086.0395030747954,-1,-2,3,1, Done, dt, 38.96049692520455
Elevator call,1086.9564736719517,-1,-2,3,1, Done, dt, 38.0435263280483
Elevator call,1095.6459199869669,0,-1,3,0, Done, dt, 37.354080013033126
Elevator call,1099.301027638211,6,3,3,2, Done, dt, 71.69897236178895
Elevator call,1107.5208855979677,1,-2,3,2, Done, dt, 24.479114402032337
Elevator call,1116.1994706847267,1,0,3,2, Done, dt, 27.800529315273252
Elevator call,1127.897552699288,-2,7,3,3, Done, dt, 36.1024473007119
Elevator call,1129.1480142844896,0,2,3,0, Done, dt, 27.85198571551041
Elevator call,1147.5406805176676,-2,13,3,3, Done, dt, 61.459319482332376
Elevator call,1152.774368572573,2,0,3,2, Done, dt, 42.22563142742706
Elevator call,1160.2222513229156,0,20,3,0, Done, dt, 342.77774867708445
Elevator call,1162.9248958580868,-1,-2,3,1, Done, dt, 33.07510414191324
Elevator call,1164.6755917731602,-2,6,3,3, Done, dt, 79.32440822683975
Elevator call,1170.9029971088776,0,15,3,0, Done, dt, 47.09700289112243
Elevator call,1171.911688693261,-2,3,3,3, Done, dt, 58.08831130673889
Elevator call,1176.0994115135807,0,12,3,0, Done, dt, 543.9005884864193
Elevator call,1181.1434898085204,0,1,3,0, Done, dt, 124.85651019147963
Elevator call,1185.6615591516652,-1,3,3,1, Done, dt, 60.33844084833481
Elevator call,1186.7659141651516,-1,13,3,1, Done, dt, 41.23408583484843
Elevator call,1194.4816918484162,20,4,3,2, Done, dt, 1246.5183081515838
Elevator call,1195.255320106989,12,-1,3,2, Done, dt, 279.7446798930109
Elevator call,1199.2902976507971,3,6,3,2, Done, dt, 24.70970234920287
Elevator call,1201.1040445040928,5,12,3,2, Done, dt, 48.895955495907174
Elevator call,1212.0655368067005,0,-1,3,0, Done, dt, 42.93446319329951
Elevator call,1219.9231943499599,0,2,3,0, Done, dt, 987.0768056500401
Elevator call,1227.3451263913057,12,0,3,2, Done, dt, 40.65487360869429
Elevator call,1227.8519734753409,18,-1,3,3, Done, dt, 555.1480265246591
Elevator call,1229.5740033141115,-1,0,3,1, Done, dt, 41.42599668588855
Elevator call,1230.646348542733,0,-2,3,0, Done, dt, 36.353651457267006
Elevator call,1235.0174537728853,-2,18,3,3, Done, dt, 182.98254622711465
Elevator call,1241.6592594169601,-2,-3,3,3, Done, dt, 32.34074058303986
Elevator call,1254.8148951290755,-2,4,3,3, Done, dt, 37.18510487092453
Elevator call,1258.3955944109046,0,9,3,0, Done, dt, 120.60440558909545
Elevator call,1261.2765303635751,-1,-2,3,1, Done, dt, 32.72346963642485
Elevator call,1261.9566642321165,0,-2,3,0, Done, dt, 30.04333576788349
Elevator call,1265.235282049865,-1,7,3,1, Done, dt, 45.76471795013504
Elevator call,1268.243941013624,-1,-2,3,1, Done, dt, 25.756058986376047
Elevator call,1271.6412097283428,1,0,3,2, Done, dt, 22.3587902716572
Elevator call,1274.9782991361408,-2,13,3,3, Done, dt, 127.02170086385922
Elevator call,1276.7214782171718,-2,4,3,3, Done, dt, 48.27852178282819
Elevator call,1278.2602187639138,0,10,3,0, Done, dt, 47.73978123608617
Elevator call,1279.1510214108412,0,1,3,0, Done, dt, 26.848978589158833
Elevator call,1287.7202118533498,6,19,3,2, Done, dt, 1245.2797881466502
Elevator call,1300.836281186704,-1,0,3,1, Done, dt, 38.1637188132961
Elevator call,1313.7646791153716,-2,5,3,3, Done, dt, 69.23532088462844
Elevator call,1320.8662487199213,-2,-1,3,3, Done, dt, 32.13375128007874
Elevator call,1321.022113831665,0,-1,3,0, Done, dt, 36.97788616833509
Elevator call,1325.0849733245666,1,0,3,2, Done, dt, 22.91502667543341
Elevator call,1332.174271575912,-2,6,3,3, Done, dt, 38.825728424088084
Elevator call,1339.3637905860362,1,0,3,2, Done, dt, 31.636209413963797
Elevator call,1353.7323095433728,10,0,3,2, Done, dt, 50.26769045662718
Elevator call,1372.7268942821634,0,-2,3,0, Done, dt, 38.27310571783664
Elevator call,1388.0809474948549,-1,-2,3,2, Done, dt, 97.91905250514515
Elevator call,1388.8704226989184,9,0,3,2, Done, dt, 46.129577301081554
Elevator call,1392.391720223848,0,-1,3,0, Done, dt, 68.6082797761519
Elevator call,1400.141335501355,0,5,3,0, Done, dt, 241.8586644986451
Elevator call,1405.117770387189,0,-1,3,0, Done, dt, 55.88222961281099
Elevator call,1407.4981092474345,0,1,3,0, Done, dt, 27.501890752565487
Elevator call,1412.2886739449248,3,2,3,2, Done, dt, 46.71132605507523
Elevator call,1413.0207109733,0,-2,3,0, Done, dt, 35.97928902669992
Elevator call,1413.7508101029919,-2,19,3,3, Done, dt, 66.24918989700814
Elevator call,1419.3684653958746,-2,0,3,3, Done, dt, 330.63153460412536
Elevator call,1425.9353539657573,-1,12,3,1, Done, dt, 40.06464603424274
Elevator call,1449.2266580537712,-2,20,3,3, Done, dt, 94.77334194622881
Elevator call,1449.5983328856476,0,-1,3,0, Done, dt, 246.40166711435245
Elevator call,1456.0363560975115,0,20,3,0, Done, dt, 46.96364390248846
Elevator call,1472.9039153699532,0,7,3,0, Done, dt, 54.09608463004679
Elevator call,1491.2356790353658,-1,-2,3,2, Done, dt, 22.76432096463418
Elevator call,1491.9876716243064,20,12,3,1, Done, dt, 32.01232837569364
Elevator call,1492.211731617477,4,-1,3,1, Done, dt, 63.78826838252303
Elevator call,1505.1531988041907,0,-1,3,0, Done, dt, 190.84680119580935
Elevator call,1509.6144705911147,1,0,3,2, Done, dt, 538.3855294088853
Elevator call,1511.149938466147,-2,11,3,3, Done, dt, 179.85006153385302
Elevator call,1512.6432289118493,-1,-2,3,2, Done, dt, 24.35677108815071
Elevator call,1512.7103496933357,-2,-3,3,3, Done, dt, 132.28965030666427
Elevator call,1517.4410305743113,0,9,3,0, Done, dt, 46.5589694256887
Elevator call,1525.3474653801065,-2,6,3,3, Done, dt, 98.65253461989346
Elevator call,1528.7833646204786,-2,15,3,3, Done, dt, 75.21663537952145
Elevator call,1559.6783646864003,0,11,3,0, Done, dt, 45.3216353135997
Elevator call,1563.9621772497476,4,-1,3,2, Done, dt, 26.037822750252417
Elevator call,1567.0385482755566,-1,0,3,1, Done, dt, 11.96145172444335
Elevator call,1567.7677387191982,-2,6,3,3, Done, dt, 56.23226128080182
Elevator call,1581.2418281838495,4,0,3,2, Done, dt, 34.75817181615048
Elevator call,1586.7149392463398,4,0,3,2, Done, dt, 29.28506075366022
Elevator call,1592.275142001017,0,-1,3,0, Done, dt, 103.724857998983
Elevator call,1592.313241494302,0,13,3,0, Done, dt, 68.68675850569798
Elevator call,1602.9991506248982,0,5,3,0, Done, dt, 39.00084937510178
Elevator call,1607.5724675361128,11,-2,3,1, Done, dt, 37.427532463887246
Elevator call,1611.4985260284295,-1,13,3,1, Done, dt, 196.50147397157048
Elevator call,1616.495819946025,-1,5,3,1, Done, dt, 124.504180053975
Elevator call,1626.9813954083652,-2,10,3,3, Done, dt, 52.01860459163481
Elevator call,1638.0876745228531,11,18,3,1, Done, dt, 41.91232547714685
Elevator call,1651.8118794033398,0,19,3,0, Done, dt, 1029.1881205966602
Elevator call,1652.5436622208238,0,-1,3,0, Done, dt, 43.45633777917624
Elevator call,1662.3727236971508,0,1,3,0, Done, dt, 1121.6272763028492
Elevator call,1671.5142487209814,10,0,3,1, Done, dt, 42.48575127901859
Elevator call,1671.5963931970773,6,2,3,2, Done, dt, 25.403606802922695
Elevator call,1673.0262380475997,0,-2,3,0, Done, dt, 141.9737619524003
Elevator call,1674.9932169087417,12,-2,1,2
Elevator call,1676.5556477102718,17,-1,3,2, Done, dt, 1089.4443522897282
Elevator call,1678.3204170962827,17,16,3,2, Done, dt, 1755.6795829037173
Elevator call,1680.297341368763,0,12,3,0, Done, dt, 39.702658631237
Elevator call,1688.8963190061388,-2,-3,3,3, Done, dt, 37.10368099386119
Elevator call,1693.7083720924857,13,0,3,2, Done, dt, 513.2916279075143
Elevator call,1698.778965963265,18,0,3,2, Done, dt, 37.22103403673509
Elevator call,1699.477626376131,-1,-2,3,2, Done, dt, 60.52237362386904
Elevator call,1701.0124433964452,0,19,3,0, Done, dt, 979.9875566035548
Elevator call,1701.7117363940654,0,16,3,0, Done, dt, 142.28826360593462
Elevator call,1703.4655658368163,0,-1,3,0, Done, dt, 50.53443416318373
Elevator call,1722.237480410378,-1,0,3,1, Done, dt, 65.76251958962189
Elevator call,1725.141688103619,-2,0,3,3, Done, dt, 24.85831189638111
Elevator call,1731.0116675260697,-2,0,3,3, Done, dt, 18.988332473930313
Elevator call,1731.5562817703594,-1,7,3,1, Done, dt, 40.44371822964058
Elevator call,1732.1232989842915,0,-2,3,0, Done, dt, 82.87670101570848
Elevator call,1732.7444193815377,0,7,3,0, Done, dt, 40.25558061846232
Elevator call,1737.6126440052267,16,-1,3,2, Done, dt, 603.3873559947733
Elevator call,1738.6173668112058,17,0,3,2, Done, dt, 1068.3826331887942
Elevator call,1739.8360162827166,12,-2,1,2
Elevator call,1753.2940678476284,2,0,3,2, Done, dt, 271.7059321523716
Elevator call,1771.0031016092044,15,0,3,3, Done, dt, 63.99689839079565
Elevator call,1771.6924482858142,0,-1,3,0, Done, dt, 30.30755171418582
Elevator call,1781.4140231821896,7,0,3,2, Done, dt, 29.585976817810433
Elevator call,1783.235145809691,0,-1,3,0, Done, dt, 18.76485419030905
Elevator call,1784.2686250745971,19,0,3,2, Done, dt, 768.7313749254029
Elevator call,1796.0165385309297,-1,9,3,1, Done, dt, 49.983461469070335
Elevator call,1797.3106638715612,-2,0,3,2, Done, dt, 37.689336128438754
Elevator call,1803.4350303561544,-2,0,3,1, Done, dt, 73.56496964384564
Elevator call,1813.0454977139805,16,0,3,2, Done, dt, 84.95450228601953
Elevator call,1831.3623194993834,-2,-3,3,2, Done, dt, 26.637680500616625
Elevator call,1832.6291956639932,0,-1,3,0, Done, dt, 49.37080433600681
Elevator call,1851.2178210120132,11,-2,3,1, Done, dt, 65.78217898798675
Elevator call,1865.5687051970885,-1,0,3,3, Done, dt, 22.431294802911452
Elevator call,1867.4506755531916,0,-1,3,0, Done, dt, 14.549324446808441
Elevator call,1875.3404729645688,0,11,3,0, Done, dt, 39.65952703543121
Elevator call,1882.3390780596653,-2,0,3,1, Done, dt, 137.66092194033467
Elevator call,1882.5774839738633,0,-1,3,0, Done, dt, 55.42251602613669
Elevator call,1888.502340301806,19,0,3,3, Done, dt, 58.49765969819396
Elevator call,1888.7734941678218,-1,13,3,3, Done, dt, 133.2265058321782
Elevator call,1891.3918029793742,0,-1,3,0, Done, dt, 46.60819702062577
Elevator call,1893.0453830229326,11,-1,3,1, Done, dt, 35.95461697706742
Elevator call,1895.732191239106,7,0,3,2, Done, dt, 31.267808760894013
Elevator call,1897.8521209029116,20,-2,3,3, Done, dt, 456.14787909708843
Elevator call,1900.6019993656198,-1,-2,3,3, Done, dt, 85.3980006343802
Elevator call,1908.2061624572284,-1,0,3,3, Done, dt, 62.7938375427716
Elevator call,1912.261822424403,-2,4,3,1, Done, dt, 32.73817757559709
Elevator call,1914.0424744880743,2,0,3,2, Done, dt, 110.95752551192572
Elevator call,1922.9562129214025,6,0,3,2, Done, dt, 31.04378707859746
Elevator call,1932.8903245839465,0,13,3,0, Done, dt, 40.109675416053506
Elevator call,1933.1997241451045,-1,0,3,3, Done, dt, 37.80027585489552
Elevator call,1935.2400332564332,-2,9,3,1, Done, dt, 53.75996674356679
Elevator call,1935.6935673234314,4,5,3,2, Done, dt, 42.30643267656865
Elevator call,1936.7007137073797,-2,6,3,1, Done, dt, 39.29928629262031
Elevator call,1941.0757267171962,20,0,3,1, Done, dt, 323.9242732828038
Elevator call,1943.813247144802,-1,0,3,3, Done, dt, 27.186752855197938
Elevator call,1949.784947464023,20,0,3,2, Done, dt, 358.21505253597707
Elevator call,1951.5762467960542,3,0,3,2, Done, dt, 50.42375320394581
Elevator call,1958.4940710636354,0,13,3,0, Done, dt, 61.505928936364626
Elevator call,1963.5902472963053,11,-1,3,1, Done, dt, 128.40975270369472
Elevator call,1980.215421094965,-1,13,3,3, Done, dt, 41.784578905035005
Elevator call,1988.4417714287342,-2,0,3,1, Done, dt, 31.558228571265772
Elevator call,1988.5377668036501,1,0,3,2, Done, dt, 59.46223319634987
Elevator call,1988.8771071841018,9,-1,3,3, Done, dt, 231.12289281589824
Elevator call,1989.3912353704022,16,-1,3,3, Done, dt, 299.6087646295978
Elevator call,1991.713841336244,0,15,3,0, Done, dt, 41.28615866375594
Elevator call,1999.7854611709754,16,0,3,3, Done, dt, 277.2145388290246
Elevator call,2001.6623201998348,-1,17,3,3, Done, dt, 132.33767980016523
Elevator call,2004.2338931477004,-1,-2,3,3, Done, dt, 99.76610685229957
Elevator call,2006.7990800263094,16,-1,2,2
Elevator call,2018.9902118453663,4,-1,3,1, Done, dt, 33.009788154633725
Elevator call,2019.1480094518727,-1,0,3,3, Done, dt, 38.85199054812733
Elevator call,2020.4943878863019,0,15,3,0, Done, dt, 326.50561211369813
Elevator call,2024.441511289249,0,4,3,0, Done, dt, 48.55848871075091
Elevator call,2032.228737271991,-1,11,3,3, Done, dt, 47.771262728009106
Elevator call,2034.2201218223008,0,9,3,0, Done, dt, 267.7798781776992
Elevator call,2049.948719536048,0,20,3,0, Done, dt, 50.051280463952025
Elevator call,2066.6166082886116,14,-1,3,1, Done, dt, 107.38339171138841
Elevator call,2074.5000292157097,7,0,3,2, Done, dt, 28.499970784290326
Elevator call,2074.6675106322587,13,-1,3,1, Done, dt, 58.332489367741346
Elevator call,2082.350297489644,-2,14,3,2, Done, dt, 63.64970251035584
Elevator call,2082.550351904495,0,-1,3,0, Done, dt, 197.44964809550493
Elevator call,2087.0918614190236,10,0,3,2, Done, dt, 150.90813858097636
Elevator call,2088.076238013634,0,-1,3,0, Done, dt, 191.92376198636612
Elevator call,2091.6180080631675,0,16,3,0, Done, dt, 76.38199193683249
Elevator call,2098.0553498989207,0,4,3,0, Done, dt, 46.94465010107933
Elevator call,2101.269852375189,-2,13,3,2, Done, dt, 32.7301476248108
Elevator call,2107.4473031078146,15,0,3,1, Done, dt, 108.5526968921854
Elevator call,2119.4446766497167,7,0,3,2, Done, dt, 87.55532335028329
Elevator call,2122.398877073973,-1,0,3,3, Done, dt, 51.601122926027074
Elevator call,2143.8732731224727,5,-2,3,2, Done, dt, 32.12672687752729
Elevator call,2146.8027655814844,5,-2,3,2, Done, dt, 29.197234418515563
Elevator call,2156.9232348933983,1,-2,3,1, Done, dt, 203.07676510660167
Elevator call,2158.788624712423,0,2,3,0, Done, dt, 48.211375287577084
Elevator call,2159.6719834468263,2,-1,3,1, Done, dt, 175.3280165531737
Elevator call,2169.092846444923,0,14,3,0, Done, dt, 60.907153555077
Elevator call,2209.2672033227104,0,-2,3,0, Done, dt, 57.73279667728957
Elevator call,2219.232290431314,18,0,3,1, Done, dt, 90.76770956868586
Elevator call,2223.412421134137,1,-2,3,1, Done, dt, 136.58757886586318
Elevator call,2237.8062398140846,0,-2,3,0, Done, dt, 29.19376018591538
Elevator call,2240.6449757883006,4,0,3,2, Done, dt, 25.3550242116994
Elevator call,2267.19035179452,20,0,3,2, Done, dt, 40.80964820547979
Elevator call,2269.073935805,4,-2,3,2, Done, dt, 184.92606419499998
Elevator call,2276.5214269910075,11,-1,3,2, Done, dt, 64.4785730089925
Elevator call,2296.412084711522,0,15,3,0, Done, dt, 50.58791528847814
Elevator call,2312.5209758484525,17,14,3,3, Done, dt, 186.4790241515475
Elevator call,2317.1483575635148,7,-1,3,2, Done, dt, 83.85164243648524
Elevator call,2320.286064087497,9,0,3,2, Done, dt, 51.713935912503075
Elevator call,2330.5432845885116,0,-2,3,0, Done, dt, 54.4567154114884
Elevator call,2332.1906833972625,13,-2,3,3, Done, dt, 321.80931660273745
Elevator call,2340.3177131204475,0,-2,3,0, Done, dt, 44.68228687955252
Elevator call,2344.8057675925074,20,-1,3,3, Done, dt, 73.19423240749256
Elevator call,2354.428601372434,11,-1,3,3, Done, dt, 345.57139862756594
Elevator call,2376.1285639463836,11,0,3,1, Done, dt, 37.871436053616435
Elevator call,2380.0640336509073,5,0,3,2, Done, dt, 47.93596634909272
Elevator call,2388.3236802242277,0,-2,3,0, Done, dt, 24.6763197757723
Elevator call,2394.736767313903,0,-1,3,0, Done, dt, 42.263232686097126
Elevator call,2397.8658642124356,12,-1,3,1, Done, dt, 693.1341357875644
Elevator call,2398.917669305331,17,0,3,3, Done, dt, 75.08233069466905
Elevator call,2407.547511431685,-2,0,3,1, Done, dt, 43.45248856831495
Elevator call,2409.1357842188463,0,-1,3,0, Done, dt, 27.86421578115369
Elevator call,2409.932584009432,-2,-1,3,1, Done, dt, 29.06741599056795
Elevator call,2417.80623252286,13,-2,3,1, Done, dt, 255.19376747714023
Elevator call,2421.86018769437,2,0,3,2, Done, dt, 56.13981230563013
Elevator call,2427.4430787152924,0,-1,3,0, Done, dt, 32.55692128470764
Elevator call,2430.7944697190233,15,0,3,3, Done, dt, 158.20553028097675
Elevator call,2435.6369742583897,5,-1,3,1, Done, dt, 60.36302574161027
Elevator call,2437.3050543688196,-1,7,3,1, Done, dt, 29.694945631180417
Elevator call,2444.95023414685,0,9,3,0, Done, dt, 36.04976585314989
Elevator call,2458.002613802915,16,0,3,3, Done, dt, 79.99738619708478
Elevator call,2463.6525575769356,0,-1,3,0, Done, dt, 181.34744242306442
Elevator call,2473.5619500365506,0,5,3,0, Done, dt, 42.43804996344943
Elevator call,2476.011393335222,6,0,3,1, Done, dt, 49.98860666477822
Elevator call,2479.331921765841,-2,0,3,2, Done, dt, 26.66807823415911
Elevator call,2491.3508010982187,-2,0,3,2, Done, dt, 14.649198901781347
Elevator call,2491.766357836541,-2,0,3,2, Done, dt, 14.23364216345908
Elevator call,2497.2364537023295,19,0,3,2, Done, dt, 55.76354629767047
Elevator call,2497.979024395474,0,-1,3,0, Done, dt, 147.02097560452603
Elevator call,2499.3995563538256,0,-2,3,0, Done, dt, 44.600443646174426
Elevator call,2501.9469761766222,7,0,3,1, Done, dt, 55.05302382337777
Elevator call,2504.4342590050687,10,-1,3,1, Done, dt, 89.56574099493128
Elevator call,2511.6393469637865,0,-2,3,0, Done, dt, 32.360653036213535
Elevator call,2520.9049901325434,0,6,3,0, Done, dt, 42.09500986745661
Elevator call,2536.1644486998566,-2,2,3,2, Done, dt, 324.8355513001434
Elevator call,2538.4007628055765,-2,19,3,2, Done, dt, 302.5992371944235
Elevator call,2541.256971339464,15,-2,3,3, Done, dt, 60.743028660535856
Elevator call,2546.2599410863213,10,0,3,2, Done, dt, 37.740058913678695
Elevator call,2546.955570550832,0,-2,3,0, Done, dt, 45.04442944916809
Elevator call,2548.3612910600405,0,-1,3,0, Done, dt, 96.63870893995954
Elevator call,2549.673809179427,0,14,3,0, Done, dt, 69.32619082057317
Elevator call,2550.080015757623,3,-2,3,2, Done, dt, 59.91998424237681
Elevator call,2560.4940813458666,0,-2,3,0, Done, dt, 31.50591865413344
Elevator call,2571.7370272296557,11,-2,3,1, Done, dt, 60.26297277034428
Elevator call,2576.409606140838,-1,-2,3,2, Done, dt, 165.59039385916185
Elevator call,2594.2761317974378,10,-1,3,3, Done, dt, 148.72386820256224
Elevator call,2598.8982923533167,-1,20,3,2, Done, dt, 46.10170764668328
Elevator call,2604.674882673434,-2,5,3,2, Done, dt, 216.32511732656621
Elevator call,2612.9035847456016,-2,0,3,2, Done, dt, 194.09641525439838
Elevator call,2634.86354493551,7,-2,3,1, Done, dt, 107.13645506448984
Elevator call,2637.3353590725637,-1,0,3,2, Done, dt, 40.66464092743627
Elevator call,2637.9236345437316,18,0,3,1, Done, dt, 465.0763654562684
Elevator call,2643.633797162921,9,-1,3,1, Done, dt, 65.36620283707907
Elevator call,2643.825518175521,2,0,3,1, Done, dt, 125.17448182447879
Elevator call,2654.0422277163634,-1,0,3,2, Done, dt, 23.957772283636587
Elevator call,2660.9939458513522,-2,18,3,2, Done, dt, 126.00605414864776
Elevator call,2662.150523726106,0,18,3,0, Done, dt, 76.8494762738942
Elevator call,2668.075054789295,-1,1,3,2, Done, dt, 59.92494521070512
Elevator call,2669.8455241690444,-1,17,3,2, Done, dt, 39.15447583095556
Elevator call,2676.0964655151365,0,18,3,0, Done, dt, 62.903534484863485
Elevator call,2677.3285276609513,14,0,3,3, Done, dt, 225.6714723390487
Elevator call,2680.6666139143304,-2,-1,3,2, Done, dt, 85.33338608566964
Elevator call,2701.735610969765,0,-1,3,0, Done, dt, 67.26438903023518
Elevator call,2705.3420140229277,-2,-3,3,2, Done, dt, 48.65798597707226
Elevator call,2706.1708025950443,7,-2,3,1, Done, dt, 35.82919740495572
Elevator call,2709.9731156774637,12,-2,3,1, Done, dt, 219.02688432253626
Elevator call,2728.310451524436,11,-1,3,1, Done, dt, 160.68954847556415
Elevator call,2732.3529029838287,3,0,3,3, Done, dt, 38.6470970161713
Elevator call,2758.5305161355295,6,0,3,1, Done, dt, 48.469483864470476
Elevator call,2761.945148651458,13,0,3,1, Done, dt, 207.0548513485419
Elevator call,2762.9749045958188,3,10,3,3, Done, dt, 39.02509540418123
Elevator call,2778.7158312211386,7,-2,3,1, Done, dt, 60.284168778861385
Elevator call,2784.4154434749566,15,-2,3,1, Done, dt, 227.58455652504335
Elevator call,2791.8189990832807,-1,-2,3,3, Done, dt, 47.18100091671931
Elevator call,2799.0616181182318,0,5,3,0, Done, dt, 26.938381881768237
Elevator call,2809.902598363241,7,0,3,1, Done, dt, 42.09740163675906
Elevator call,2837.57837716447,0,15,3,0, Done, dt, 66.42162283552989
Elevator call,2841.6897490341357,16,10,3,1, Done, dt, 209.31025096586427
Elevator call,2853.8366182242835,-1,14,3,2, Done, dt, 38.163381775716516
Elevator call,2854.516140797933,0,3,3,0, Done, dt, 281.4838592020669
Elevator call,2864.650766367333,-2,0,3,3, Done, dt, 167.34923363266716
Elevator call,2865.44820393249,4,-2,3,3, Done, dt, 395.55179606751017
Elevator call,2877.8368754473513,1,0,3,3, Done, dt, 433.1631245526487
Elevator call,2879.6069129269804,0,1,3,0, Done, dt, 157.39308707301961
Elevator call,2884.3921685163123,-2,-3,3,3, Done, dt, 452.60783148368773
Elevator call,2889.9983383288536,11,-2,3,3, Done, dt, 58.001661671146394
Elevator call,2898.9763968285088,0,-2,3,0, Done, dt, 43.02360317149123
Elevator call,2911.860699532249,2,-1,3,2, Done, dt, 28.139300467751127
Elevator call,2922.4631531791056,0,-1,3,0, Done, dt, 31.536846820894425
Elevator call,2930.192804489052,15,-2,3,1, Done, dt, 81.80719551094808
Elevator call,2932.036794136414,9,-2,3,3, Done, dt, 58.963205863586154
Elevator call,2940.478836596982,14,0,3,2, Done, dt, 35.52116340301791
Elevator call,2941.339945338509,20,0,3,2, Done, dt, 341.6600546614909
Elevator call,2951.403389652227,0,13,3,0, Done, dt, 37.596610347773094
Elevator call,2954.9182572343534,1,0,3,2, Done, dt, 44.081742765646595
Elevator call,2960.4611924364563,15,-2,3,1, Done, dt, 51.53880756354374
Elevator call,2969.1139642990447,8,0,3,3, Done, dt, 194.8860357009553
Elevator call,2973.1763925065557,8,-1,3,3, Done, dt, 178.82360749344434
Elevator call,2981.992526396083,0,-1,3,0, Done, dt, 42.00747360391688
Elevator call,2983.6562961659156,9,0,3,3, Done, dt, 48.34370383408441
Elevator call,2985.7767739967094,-1,0,3,2, Done, dt, 38.22322600329062
Elevator call,2989.0593359568884,6,-2,3,2, Done, dt, 87.94066404311161
Elevator call,2993.111909672555,12,0,3,1, Done, dt, 243.88809032744484
Elevator call,2995.13542730074,2,0,3,3, Done, dt, 292.86457269925995
Elevator call,2996.487948251339,-2,10,3,2, Done, dt, 111.51205174866118
Elevator call,3007.8247567503727,-1,-2,3,2, Done, dt, 39.17524324962733
Elevator call,3011.4359994817114,6,-1,3,3, Done, dt, 186.5640005182886
Elevator call,3019.4776649305277,-1,-2,3,2, Done, dt, 27.52233506947232
Elevator call,3021.1356207407416,1,-2,3,1, Done, dt, 291.8643792592584
Elevator call,3025.195251548018,0,19,3,0, Done, dt, 52.80474845198205
Elevator call,3026.321650292561,9,-2,3,3, Done, dt, 46.67834970743888
Elevator call,3035.2382442165076,11,-2,3,1, Done, dt, 252.7617557834924
Elevator call,3036.1972909907,18,-1,3,1, Done, dt, 54.80270900930009
Elevator call,3047.532583171968,13,-2,3,1, Done, dt, 150.46741682803213
Elevator call,3047.7822003608553,20,-2,3,2, Done, dt, 144.2177996391447
Elevator call,3052.2829799844358,9,0,3,3, Done, dt, 61.71702001556423
Elevator call,3054.9160269628637,0,-2,3,0, Done, dt, 65.08397303713627
Elevator call,3059.469196118527,11,0,3,1, Done, dt, 214.53080388147282
Elevator call,3060.792301667545,10,-1,3,2, Done, dt, 87.20769833245504
Elevator call,3068.3527138708796,10,0,3,2, Done, dt, 66.6472861291204
Elevator call,3078.7572748348252,-2,-3,3,2, Done, dt, 11.242725165174761
Elevator call,3102.052035385791,16,0,3,1, Done, dt, 43.94796461420901
Elevator call,3103.269631004827,2,0,3,2, Done, dt, 31.730368995173194
Elevator call,3107.9682746370845,11,0,3,1, Done, dt, 166.0317253629155
Elevator call,3110.160473073818,13,0,3,1, Done, dt, 74.83952692618186
Elevator call,3154.1797573363883,0,19,3,2, Done, dt, 211.82024266361168
Elevator call,3181.07309937684,9,-1,3,2, Done, dt, 74.92690062315978
Elevator call,3187.3312097029684,10,-1,3,2, Done, dt, 37.66879029703159
Elevator call,3193.17035330469,5,0,3,3, Done, dt, 36.8296466953102
Elevator call,3209.467940993962,0,-1,3,2, Done, dt, 135.5320590060378
Elevator call,3210.470139248305,0,14,3,2, Done, dt, 115.5298607516952
Elevator call,3215.3536946295912,-1,-2,3,0, Done, dt, 25.646305370408754
Elevator call,3219.5343956519814,1,0,3,2, Done, dt, 86.46560434801859
Elevator call,3227.99515609041,13,-2,3,3, Done, dt, 164.0048439095899
Elevator call,3237.557661883782,15,0,3,1, Done, dt, 138.4423381162178
Elevator call,3255.804018550335,5,0,3,2, Done, dt, 27.19598144966494
Elevator call,3285.0002335683657,18,8,3,0, Done, dt, 51.99976643163427
Elevator call,3292.4620873869544,2,0,3,0, Done, dt, 83.53791261304559
Elevator call,3337.3377799816417,1,0,3,1, Done, dt, 132.6622200183583
Elevator call,3348.058239191636,4,-1,3,1, Done, dt, 85.94176080836405
Elevator call,3358.732301369975,5,-1,3,1, Done, dt, 46.267698630024825
Elevator call,3361.4521893489036,-2,0,3,0, Done, dt, 40.54781065109637
Elevator call,3381.4486562594525,10,0,3,3, Done, dt, 101.55134374054751
Elevator call,3383.0336493223235,13,0,3,3, Done, dt, 57.96635067767647
Elevator call,3402.7977895829968,0,-2,3,0, Done, dt, 12.202210417003243
Elevator call,3404.667235902953,13,0,3,3, Done, dt, 36.33276409704695
Elevator call,3406.427128130753,4,-2,3,1, Done, dt, 39.57287186924714
Elevator call,3421.1421533843964,16,0,3,2, Done, dt, 30.85784661560365
Elevator call,3458.884230934001,19,0,3,2, Done, dt, 40.11576906599885
Elevator call,3468.0464578609963,0,-1,3,1, Done, dt, 13.95354213900373
Elevator call,3473.9876743480872,16,11,3,2, Done, dt, 80.01232565191276
Elevator call,3488.540748414931,-2,-1,3,0, Done, dt, 11.459251585069069
Elevator call,3489.1501202248724,16,0,3,2, Done, dt, 46.84987977512765
Elevator call,3492.9879247273666,16,14,3,0, Done, dt, 48.01207527263341
Elevator call,3496.3526150530033,16,0,3,2, Done, dt, 39.64738494699668
Elevator call,3502.7523067267057,1,-2,3,0, Done, dt, 76.24769327329432
Elevator call,3509.4776867744285,18,12,3,1, Done, dt, 37.52231322557145
Elevator call,3519.9645511192357,-2,0,2,1
Elevator call,3521.639327171424,5,3,3,3, Done, dt, 27.360672828575844
Elevator call,3529.2734554731123,0,-2,3,3, Done, dt, 57.726544526887665
Elevator call,3534.064925762705,8,0,1,1
Elevator call,3537.825788664458,0,-1,3,3, Done, dt, 37.17421133554217
Elevator call,3539.7732360389955,17,-2,3,1, Done, dt, 45.22676396100451
Elevator call,3583.573433942424,9,-2,2,2
Elevator call,3596.190305112116,17,0,1,2
